uuid,label
a923-45b7-gh12-4723,Regular
a923-45b7-gh12-788,Regular
a923-45b7-gh12-9549,Regular
a923-45b7-gh12-1737,Regular
a923-45b7-gh12-6549,Regular
a923-45b7-gh12-8075,Regular
a923-45b7-gh12-7418,Regular
a923-45b7-gh12-1661,Regular
a923-45b7-gh12-5502,Regular
a923-45b7-gh12-7198,Regular
a923-45b7-gh12-4660,Regular
a923-45b7-gh12-852,Regular
a923-45b7-gh12-4855,Anomalous
a923-45b7-gh12-3256,Anomalous
a923-45b7-gh12-9672,Anomalous
a923-45b7-gh12-6019,Anomalous
a923-45b7-gh12-5579,Anomalous
a923-45b7-gh12-8175,Anomalous
a923-45b7-gh12-4566,Anomalous
a923-45b7-gh12-9491,Anomalous
a923-45b7-gh12-7215,Regular
a923-45b7-gh12-9290,Regular
a923-45b7-gh12-3114,Regular
a923-45b7-gh12-2020,Regular
a923-45b7-gh12-2156,Regular
a923-45b7-gh12-7415,Regular
a923-45b7-gh12-1264,Regular
a923-45b7-gh12-8545,Regular
a923-45b7-gh12-8630,Regular
a923-45b7-gh12-2376,Regular
a923-45b7-gh12-7571,Regular
a923-45b7-gh12-2442,Regular
a923-45b7-gh12-41,Anomalous
a923-45b7-gh12-179,Anomalous
a923-45b7-gh12-8313,Anomalous
a923-45b7-gh12-7675,Anomalous
a923-45b7-gh12-2396,Anomalous
a923-45b7-gh12-2404,Anomalous
a923-45b7-gh12-2918,Anomalous
a923-45b7-gh12-1256,Anomalous
a923-45b7-gh12-2487,Regular
a923-45b7-gh12-3416,Regular
a923-45b7-gh12-244,Regular
a923-45b7-gh12-5946,Regular
a923-45b7-gh12-1352,Regular
a923-45b7-gh12-7988,Regular
a923-45b7-gh12-786,Regular
a923-45b7-gh12-2507,Regular
a923-45b7-gh12-2781,Regular
a923-45b7-gh12-7758,Regular
a923-45b7-gh12-5231,Regular
a923-45b7-gh12-4648,Regular
a923-45b7-gh12-143,Anomalous
a923-45b7-gh12-2504,Anomalous
a923-45b7-gh12-4762,Anomalous
a923-45b7-gh12-8191,Anomalous
a923-45b7-gh12-7141,Anomalous
a923-45b7-gh12-507,Anomalous
a923-45b7-gh12-5858,Anomalous
a923-45b7-gh12-7859,Anomalous
a923-45b7-gh12-8650,Regular
a923-45b7-gh12-175,Regular
a923-45b7-gh12-9239,Regular
a923-45b7-gh12-5610,Regular
a923-45b7-gh12-8943,Regular
a923-45b7-gh12-2492,Regular
a923-45b7-gh12-8031,Regular
a923-45b7-gh12-9567,Regular
a923-45b7-gh12-9000,Regular
a923-45b7-gh12-9935,Regular
a923-45b7-gh12-4081,Regular
a923-45b7-gh12-2736,Regular
a923-45b7-gh12-7215,Anomalous
a923-45b7-gh12-2222,Anomalous
a923-45b7-gh12-8099,Anomalous
a923-45b7-gh12-6995,Anomalous
a923-45b7-gh12-5086,Anomalous
a923-45b7-gh12-4199,Anomalous
a923-45b7-gh12-5314,Anomalous
a923-45b7-gh12-8608,Anomalous
a923-45b7-gh12-5479,Regular
a923-45b7-gh12-4182,Regular
a923-45b7-gh12-9705,Regular
a923-45b7-gh12-5870,Regular
a923-45b7-gh12-9502,Regular
a923-45b7-gh12-6662,Regular
a923-45b7-gh12-9564,Regular
a923-45b7-gh12-5044,Regular
a923-45b7-gh12-3495,Regular
a923-45b7-gh12-9396,Regular
a923-45b7-gh12-8350,Regular
a923-45b7-gh12-9439,Regular
a923-45b7-gh12-2450,Anomalous
a923-45b7-gh12-1162,Anomalous
a923-45b7-gh12-1525,Anomalous
a923-45b7-gh12-2584,Anomalous
a923-45b7-gh12-2912,Anomalous
a923-45b7-gh12-9923,Anomalous
a923-45b7-gh12-2041,Anomalous
a923-45b7-gh12-9704,Anomalous
a923-45b7-gh12-7491,Regular
a923-45b7-gh12-131,Regular
a923-45b7-gh12-7660,Regular
a923-45b7-gh12-6044,Regular
a923-45b7-gh12-6127,Regular
a923-45b7-gh12-80,Regular
a923-45b7-gh12-458,Regular
a923-45b7-gh12-3437,Regular
a923-45b7-gh12-1650,Regular
a923-45b7-gh12-4905,Regular
a923-45b7-gh12-3570,Regular
a923-45b7-gh12-7234,Regular
a923-45b7-gh12-5359,Anomalous
a923-45b7-gh12-5293,Anomalous
a923-45b7-gh12-923,Anomalous
a923-45b7-gh12-8879,Anomalous
a923-45b7-gh12-9370,Anomalous
a923-45b7-gh12-2740,Anomalous
a923-45b7-gh12-6093,Anomalous
a923-45b7-gh12-6770,Anomalous
a923-45b7-gh12-9837,Regular
a923-45b7-gh12-972,Regular
a923-45b7-gh12-4382,Regular
a923-45b7-gh12-9736,Regular
a923-45b7-gh12-1240,Regular
a923-45b7-gh12-3640,Regular
a923-45b7-gh12-8193,Regular
a923-45b7-gh12-5630,Regular
a923-45b7-gh12-8352,Regular
a923-45b7-gh12-7471,Regular
a923-45b7-gh12-5505,Regular
a923-45b7-gh12-407,Regular
a923-45b7-gh12-1485,Anomalous
a923-45b7-gh12-9305,Anomalous
a923-45b7-gh12-434,Anomalous
a923-45b7-gh12-8830,Anomalous
a923-45b7-gh12-2897,Anomalous
a923-45b7-gh12-7584,Anomalous
a923-45b7-gh12-9519,Anomalous
a923-45b7-gh12-340,Anomalous
a923-45b7-gh12-3361,Regular
a923-45b7-gh12-4552,Regular
a923-45b7-gh12-9396,Regular
a923-45b7-gh12-5341,Regular
a923-45b7-gh12-2509,Regular
a923-45b7-gh12-9299,Regular
a923-45b7-gh12-7954,Regular
a923-45b7-gh12-6203,Regular
a923-45b7-gh12-2108,Regular
a923-45b7-gh12-5909,Regular
a923-45b7-gh12-6102,Regular
a923-45b7-gh12-8326,Regular
a923-45b7-gh12-7341,Anomalous
a923-45b7-gh12-9407,Anomalous
a923-45b7-gh12-6069,Anomalous
a923-45b7-gh12-3195,Anomalous
a923-45b7-gh12-9375,Anomalous
a923-45b7-gh12-6420,Anomalous
a923-45b7-gh12-3214,Anomalous
a923-45b7-gh12-1111,Anomalous
a923-45b7-gh12-7745,Regular
a923-45b7-gh12-6797,Regular
a923-45b7-gh12-5281,Regular
a923-45b7-gh12-3295,Regular
a923-45b7-gh12-351,Regular
a923-45b7-gh12-8305,Regular
a923-45b7-gh12-7857,Regular
a923-45b7-gh12-8869,Regular
a923-45b7-gh12-5419,Regular
a923-45b7-gh12-9132,Regular
a923-45b7-gh12-3384,Regular
a923-45b7-gh12-1157,Regular
a923-45b7-gh12-9266,Anomalous
a923-45b7-gh12-7700,Anomalous
a923-45b7-gh12-5649,Anomalous
a923-45b7-gh12-2384,Anomalous
a923-45b7-gh12-6554,Anomalous
a923-45b7-gh12-1361,Anomalous
a923-45b7-gh12-1221,Anomalous
a923-45b7-gh12-8617,Anomalous
a923-45b7-gh12-3773,Regular
a923-45b7-gh12-7965,Regular
a923-45b7-gh12-5776,Regular
a923-45b7-gh12-1350,Regular
a923-45b7-gh12-3704,Regular
a923-45b7-gh12-5996,Regular
a923-45b7-gh12-3717,Regular
a923-45b7-gh12-257,Regular
a923-45b7-gh12-3347,Regular
a923-45b7-gh12-2571,Regular
a923-45b7-gh12-797,Regular
a923-45b7-gh12-3666,Regular
a923-45b7-gh12-4904,Anomalous
a923-45b7-gh12-6385,Anomalous
a923-45b7-gh12-5621,Anomalous
a923-45b7-gh12-796,Anomalous
a923-45b7-gh12-2686,Anomalous
a923-45b7-gh12-5807,Anomalous
a923-45b7-gh12-9911,Anomalous
a923-45b7-gh12-27,Anomalous
a923-45b7-gh12-5911,Regular
a923-45b7-gh12-2568,Regular
a923-45b7-gh12-1531,Regular
a923-45b7-gh12-3251,Regular
a923-45b7-gh12-6569,Regular
a923-45b7-gh12-77,Regular
a923-45b7-gh12-5019,Regular
a923-45b7-gh12-5236,Regular
a923-45b7-gh12-6271,Regular
a923-45b7-gh12-755,Regular
a923-45b7-gh12-9342,Regular
a923-45b7-gh12-4125,Regular
a923-45b7-gh12-823,Anomalous
a923-45b7-gh12-4792,Anomalous
a923-45b7-gh12-6463,Anomalous
a923-45b7-gh12-3537,Anomalous
a923-45b7-gh12-7676,Anomalous
a923-45b7-gh12-3377,Anomalous
a923-45b7-gh12-4339,Anomalous
a923-45b7-gh12-3190,Anomalous
a923-45b7-gh12-7681,Regular
a923-45b7-gh12-4874,Regular
a923-45b7-gh12-168,Regular
a923-45b7-gh12-1060,Regular
a923-45b7-gh12-1871,Regular
a923-45b7-gh12-8318,Regular
a923-45b7-gh12-7156,Regular
a923-45b7-gh12-9027,Regular
a923-45b7-gh12-8105,Regular
a923-45b7-gh12-9509,Regular
a923-45b7-gh12-2233,Regular
a923-45b7-gh12-7846,Regular
a923-45b7-gh12-9011,Anomalous
a923-45b7-gh12-5422,Anomalous
a923-45b7-gh12-1344,Anomalous
a923-45b7-gh12-1217,Anomalous
a923-45b7-gh12-4197,Anomalous
a923-45b7-gh12-5348,Anomalous
a923-45b7-gh12-9077,Anomalous
a923-45b7-gh12-429,Anomalous
a923-45b7-gh12-5565,Regular
a923-45b7-gh12-7240,Regular
a923-45b7-gh12-8047,Regular
a923-45b7-gh12-1369,Regular
a923-45b7-gh12-6982,Regular
a923-45b7-gh12-2615,Regular
a923-45b7-gh12-5101,Regular
a923-45b7-gh12-4982,Regular
a923-45b7-gh12-931,Regular
a923-45b7-gh12-5965,Regular
a923-45b7-gh12-1554,Regular
a923-45b7-gh12-362,Regular
a923-45b7-gh12-6463,Anomalous
a923-45b7-gh12-7214,Anomalous
a923-45b7-gh12-8887,Anomalous
a923-45b7-gh12-9871,Anomalous
a923-45b7-gh12-2573,Anomalous
a923-45b7-gh12-8618,Anomalous
a923-45b7-gh12-9084,Anomalous
a923-45b7-gh12-6421,Anomalous
a923-45b7-gh12-1850,Regular
a923-45b7-gh12-1218,Regular
a923-45b7-gh12-5976,Regular
a923-45b7-gh12-3041,Regular
a923-45b7-gh12-7306,Regular
a923-45b7-gh12-9665,Regular
a923-45b7-gh12-7583,Regular
a923-45b7-gh12-5462,Regular
a923-45b7-gh12-8254,Regular
a923-45b7-gh12-3551,Regular
a923-45b7-gh12-5133,Regular
a923-45b7-gh12-8516,Regular
a923-45b7-gh12-2861,Anomalous
a923-45b7-gh12-3840,Anomalous
a923-45b7-gh12-3985,Anomalous
a923-45b7-gh12-7073,Anomalous
a923-45b7-gh12-3617,Anomalous
a923-45b7-gh12-8576,Anomalous
a923-45b7-gh12-7932,Anomalous
a923-45b7-gh12-1621,Anomalous
a923-45b7-gh12-3127,Regular
a923-45b7-gh12-4257,Regular
a923-45b7-gh12-2836,Regular
a923-45b7-gh12-28,Regular
a923-45b7-gh12-1890,Regular
a923-45b7-gh12-6543,Regular
a923-45b7-gh12-7706,Regular
a923-45b7-gh12-7091,Regular
a923-45b7-gh12-8679,Regular
a923-45b7-gh12-155,Regular
a923-45b7-gh12-6274,Regular
a923-45b7-gh12-4540,Regular
a923-45b7-gh12-1534,Anomalous
a923-45b7-gh12-918,Anomalous
a923-45b7-gh12-4001,Anomalous
a923-45b7-gh12-7082,Anomalous
a923-45b7-gh12-10,Anomalous
a923-45b7-gh12-6315,Anomalous
a923-45b7-gh12-3035,Anomalous
a923-45b7-gh12-6889,Anomalous
a923-45b7-gh12-9847,Regular
a923-45b7-gh12-9344,Regular
a923-45b7-gh12-1084,Regular
a923-45b7-gh12-4883,Regular
a923-45b7-gh12-4667,Regular
a923-45b7-gh12-9042,Regular
a923-45b7-gh12-2988,Regular
a923-45b7-gh12-7298,Regular
a923-45b7-gh12-3630,Regular
a923-45b7-gh12-3496,Regular
a923-45b7-gh12-3995,Regular
a923-45b7-gh12-3583,Regular
a923-45b7-gh12-9460,Anomalous
a923-45b7-gh12-4127,Anomalous
a923-45b7-gh12-3158,Anomalous
a923-45b7-gh12-9611,Anomalous
a923-45b7-gh12-366,Anomalous
a923-45b7-gh12-9154,Anomalous
a923-45b7-gh12-1318,Anomalous
a923-45b7-gh12-8253,Anomalous
a923-45b7-gh12-306,Regular
a923-45b7-gh12-8511,Regular
a923-45b7-gh12-5053,Regular
a923-45b7-gh12-970,Regular
a923-45b7-gh12-2749,Regular
a923-45b7-gh12-4763,Regular
a923-45b7-gh12-1586,Regular
a923-45b7-gh12-4900,Regular
a923-45b7-gh12-2257,Regular
a923-45b7-gh12-1774,Regular
a923-45b7-gh12-2825,Regular
a923-45b7-gh12-2418,Regular
a923-45b7-gh12-3633,Anomalous
a923-45b7-gh12-8041,Anomalous
a923-45b7-gh12-6971,Anomalous
a923-45b7-gh12-9266,Anomalous
a923-45b7-gh12-5066,Anomalous
a923-45b7-gh12-9470,Anomalous
a923-45b7-gh12-7353,Anomalous
a923-45b7-gh12-4504,Anomalous
a923-45b7-gh12-6412,Regular
a923-45b7-gh12-5015,Regular
a923-45b7-gh12-5865,Regular
a923-45b7-gh12-542,Regular
a923-45b7-gh12-6130,Regular
a923-45b7-gh12-3853,Regular
a923-45b7-gh12-3312,Regular
a923-45b7-gh12-6093,Regular
a923-45b7-gh12-5151,Regular
a923-45b7-gh12-7414,Regular
a923-45b7-gh12-2779,Regular
a923-45b7-gh12-7401,Regular
a923-45b7-gh12-1456,Anomalous
a923-45b7-gh12-7929,Anomalous
a923-45b7-gh12-3790,Anomalous
a923-45b7-gh12-3116,Anomalous
a923-45b7-gh12-8342,Anomalous
a923-45b7-gh12-5321,Anomalous
a923-45b7-gh12-2811,Anomalous
a923-45b7-gh12-1548,Anomalous
a923-45b7-gh12-6140,Regular
a923-45b7-gh12-6491,Regular
a923-45b7-gh12-4666,Regular
a923-45b7-gh12-6097,Regular
a923-45b7-gh12-2102,Regular
a923-45b7-gh12-2797,Regular
a923-45b7-gh12-9632,Regular
a923-45b7-gh12-5221,Regular
a923-45b7-gh12-4897,Regular
a923-45b7-gh12-8623,Regular
a923-45b7-gh12-1066,Regular
a923-45b7-gh12-8508,Regular
a923-45b7-gh12-9167,Anomalous
a923-45b7-gh12-9938,Anomalous
a923-45b7-gh12-8525,Anomalous
a923-45b7-gh12-7975,Anomalous
a923-45b7-gh12-9558,Anomalous
a923-45b7-gh12-5258,Anomalous
a923-45b7-gh12-8889,Anomalous
a923-45b7-gh12-1091,Anomalous
a923-45b7-gh12-444,Regular
a923-45b7-gh12-1474,Regular
a923-45b7-gh12-3908,Regular
a923-45b7-gh12-1731,Regular
a923-45b7-gh12-7984,Regular
a923-45b7-gh12-5989,Regular
a923-45b7-gh12-4505,Regular
a923-45b7-gh12-7084,Regular
a923-45b7-gh12-6802,Regular
a923-45b7-gh12-9022,Regular
a923-45b7-gh12-5936,Regular
a923-45b7-gh12-3253,Regular
a923-45b7-gh12-5190,Anomalous
a923-45b7-gh12-6773,Anomalous
a923-45b7-gh12-975,Anomalous
a923-45b7-gh12-1942,Anomalous
a923-45b7-gh12-8237,Anomalous
a923-45b7-gh12-5613,Anomalous
a923-45b7-gh12-9765,Anomalous
a923-45b7-gh12-3418,Anomalous
